name,aliases,sequence,sequence_type,sequence_notes,length,molecular_weight_da,origin,admin_route,primary_category,tags,fda_approved,wada_banned,biohacker_popularity,pubchem_cid,sources
BPC-157,Body Protection Compound-157; Bepecin; PL-14736,GEPPPGKPADDAGLV,standard,Standard single-letter sequence; exact matching supported,15,1419.55,Derived from human gastric juice protein,Injectable (IM/SC); Oral,Tissue Repair,wound_healing|tissue_repair|tendon_repair|anti_inflammatory|gut_health|neuroprotection,no,yes,Very High,9941957,PubChem CID 9941957; Frontiers Pharmacology 2022
GHK-Cu,Copper Peptide; Glycyl-L-Histidyl-L-Lysine,GHK,standard,Standard tripeptide; copper ion chelated in vivo but sequence itself is standard; exact matching supported,3,340.38,Naturally occurring in human plasma,Injectable; Topical,Anti-aging / Skin,skin_regeneration|wound_healing|anti_aging|antioxidant|tissue_repair,no,no,Very High,73604,PubChem CID 73604; BioMed Res Int 2015
TB-500,Thymosin Beta-4 synthetic fragment,LKKTETQ,fragment,Active 7-AA fragment of full 43-AA Thymosin Beta-4 (SDKPDMAEIEKFDKSKLKKTETQEKNPLPSKETIEQEKQAGES); full sequence also valid for matching,7,711.86,Synthetic analog of naturally occurring Thymosin Beta-4,Injectable (SC/IM),Tissue Repair / Recovery,muscle_repair|tendon_repair|tissue_repair|anti_inflammatory|cardiovascular,no,no,Very High,N/A,Ann NY Acad Sci 2007; peptide sciences literature
Ipamorelin,N/A,AHFWK,modified,Contains non-natural amino acids: Aib at position 1 and D-2-Naphthylalanine at position 3; single-letter shown as approximation only; exact matching not supported,5,711.86,Synthetic pentapeptide,Injectable (SC),Growth Hormone Secretagogue,gh_secretagogue|muscle_repair|fat_loss|anti_aging|hormonal,no,yes,High,N/A,Clinical pharmacology literature; peptide sciences
CJC-1295,Mod GRF 1-29; ModGRF 1-29,YADAIFTNSYRKVLGQLSARKLLQD,modified,Modified GHRH analog with substitutions at positions 2/8/15/27 for protease resistance; sequence shown is approximation only; exact matching not supported,29,3367.97,Synthetic analog of GHRH,Injectable (SC),Growth Hormone Secretagogue,gh_secretagogue|muscle_repair|fat_loss|anti_aging|hormonal,no,yes,High,N/A,GHRH analog pharmacology literature
Semax,N/A,MEHFPGP,standard,Standard single-letter sequence; exact matching supported,7,813.94,Synthetic analog of ACTH(4-10),Intranasal; Injectable,Nootropic / Neuroprotective,cognitive|neuroprotection|anxiolytic|anti_inflammatory|immunomodulation,no,no,Moderate,N/A,Russian pharmacology literature; nootropic community
Selank,N/A,TKPRPGP,standard,Standard single-letter sequence; exact matching supported,7,751.87,Synthetic analog of tuftsin,Intranasal; Injectable,Anxiolytic / Nootropic,anxiolytic|cognitive|anti_inflammatory|immunomodulation,no,no,Moderate,N/A,Russian pharmacology literature; nootropic community
Epithalon,Epitalon; Epithalamin synthetic,AEDG,standard,Standard tetrapeptide; exact matching supported,4,390.35,Synthetic analog of Epithalamin from pineal gland,Injectable; Oral,Anti-aging / Longevity,anti_aging|telomere_extension|antioxidant|hormonal,no,no,Moderate-High,N/A,Khavinson VKh longevity research; aging literature
PT-141,Bremelanotide,NDHFRWK,modified,Cyclic peptide with acetyl cap and D-Phe at position 4; linear sequence shown as approximation only; exact matching not supported due to cyclization,7,1025.2,Derived from Melanotan II,Injectable (SC); Intranasal,Sexual Health,sexual_health|hormonal|neuroprotection,yes,no,Moderate-High,N/A,FDA approval 2019; melanocortin literature
KPV,Lys-Pro-Val; alpha-MSH C-terminal fragment,KPV,standard,Standard tripeptide; exact matching supported,3,340.42,Derived from C-terminal of alpha-MSH,Injectable; Oral,Anti-inflammatory / Gut,anti_inflammatory|gut_health|skin_regeneration|wound_healing|immunomodulation,no,no,Moderate,N/A,Getting SJ et al J Immunol 1999; peptide sciences
Melanotan II,MT-II,NDHFRWK,modified,Cyclic peptide with acetylated N-terminus and D-Phe substitution; linear sequence shown as approximation only; exact matching not supported,7,1024.18,Synthetic cyclic analog of alpha-MSH,Injectable (SC),Tanning / Libido,skin_regeneration|sexual_health|fat_loss|hormonal,no,no,High,N/A,Melanocortin receptor literature; biohacker community
AOD-9604,HGH fragment 176-191,FTPIPLSRLFDNAML,fragment,Active 16-AA fragment of full 191-AA human growth hormone; partial matching used,16,1817.1,Derived from HGH residues 176-191,Injectable (SC); Oral,Fat Loss / Metabolic,fat_loss|glucose_regulation|hormonal,no,no,Moderate,N/A,Metabolic literature; clinical trial data
Thymosin Alpha-1,Ta1; Zadaxin,SDAAVDTSSEITTKDLKEKKEVVEEAEN,standard,Standard 28-AA sequence; exact matching supported,28,3108.4,Derived from thymosin fraction 5 of thymus gland,Injectable (SC),Immunomodulation,immunomodulation|antiviral|anticancer|anti_inflammatory,no,no,Moderate,N/A,Zadaxin clinical literature; immunology reviews
LL-37,CAP-18; Cathelicidin,LLGDFFRKSKEKIGKEFKRIVQRIKDFLRNLVPRTES,standard,Standard 37-AA sequence; exact matching supported,37,4493.3,Human cathelicidin antimicrobial peptide,Injectable; Topical,Antimicrobial / Wound Healing,antimicrobial|wound_healing|anti_inflammatory|immunomodulation|skin_regeneration,no,no,Low-Moderate,N/A,Cathelicidin/LL-37 antimicrobial literature
MOTS-c,Mitochondrial peptide,MRWQEMGYIFYPRKLR,standard,Standard 16-AA sequence encoded in mitochondrial 12S rRNA; exact matching supported,16,2174.6,Encoded in mitochondrial 12S rRNA,Injectable (SC),Metabolic / Longevity,insulin_sensitizing|glucose_regulation|fat_loss|anti_aging|muscle_repair,no,no,Moderate,N/A,Lee C et al Cell Metab 2015; mitochondrial peptide literature
